{
  "1": {
    "1": 1,
    "2": 1,
    "3": 2,
    "4": 3,
    "5": 4,
    "6": 6,
    "7": 7,
    "8": 8,
    "9": 9,
    "10": 10,
    "11": 11,
    "12": 12
   },
  "2": {
    "1": 1,
    "2": 2,
    "3": 3,
    "4": 4,
    "5": 4,
    "6": 6,
    "7": 7,
    "8": 8,
    "9": 9,
    "10": 10,
    "11": 11,
    "12": 12
  },
  "3": {
    "1": 1,
    "2": 2,
    "3": 3,
    "4": 4,
    "5": 4,
    "6": 6,
    "7": 7,
    "8": 8,
    "9": 9,
    "10": 10,
    "11": 11,
    "12": 12
  },
  "4": {
    "1": 2,
    "2": 3,
    "3": 3,
    "4": 4,
    "5": 5,
    "6": 7,
    "7": 8,
    "8": 9,
    "9": 10,
    "10": 11,
    "11": 11,
    "12": 12
  },
  "5": {
    "1": 2,
    "2": 3,
    "3": 3,
    "4": 4,
    "5": 5,
    "6": 7,
    "7": 8,
    "8": 9,
    "9": 10,
    "10": 11,
    "11": 11,
    "12": 12
  },
  "6": {
    "1": 3,
    "2": 4,
    "3": 4,
    "4": 5,
    "5": 6,
    "6": 8,
    "7": 9,
    "8": 10,
    "9": 10,
    "10": 11,
    "11": 12,
    "12": 12
  },
  "7": {
    "1": 4,
    "2": 5,
    "3": 6,
    "4": 7,
    "5": 8,
    "6": 9,
    "7": 9,
    "8": 10,
    "9": 11,
    "10": 11,
    "11": 12,
    "12": 12
  },
  "8": {
    "1": 5,
    "2": 6,
    "3": 7,
    "4": 8,
    "5": 8,
    "6": 9,
    "7": 10,
    "8": 10,
    "9": 11,
    "10": 12,
    "11": 12,
    "12": 12
  },
  "9": {
    "1": 6,
    "2": 6,
    "3": 7,
    "4": 8,
    "5": 9,
    "6": 10,
    "7": 10,
    "8": 10,
    "9": 11,
    "10": 12,
    "11": 12,
    "12": 12
  },
  "10": {
    "1": 7,
    "2": 7,
    "3": 8,
    "4": 9,
    "5": 9,
    "6": 10,
    "7": 11,
    "8": 11,
    "9": 12,
    "10": 12,
    "11": 12,
    "12": 12
  },
  "11": {
    "1": 7,
    "2": 7,
    "3": 8,
    "4": 9,
    "5": 9,
    "6": 10,
    "7": 11,
    "8": 11,
    "9": 12,
    "10": 12,
    "11": 12,
    "12": 12
  },
  "12": {
    "1": 7,
    "2": 8,
    "3": 8,
    "4": 9,
    "5": 9,
    "6": 10,
    "7": 11,
    "8": 11,
    "9": 12,
    "10": 12,
    "11": 12,
    "12": 12
  }
}


