{
  "1": [
    {
      "1": 0,
      "2": 0,
      "3": 0
    },
    {
      "1": 1,
      "2": 2,
      "3": 2
    },
    {
      "1": 1,
      "2": 2,
      "3": 3
    },
    {
      "1": 3,
      "2": 4,
      "3": 5
    },
    {
      "1": 4,
      "2": 5,
      "3": 5
    },
    {
      "1": 6,
      "2": 7,
      "3": 8
    },
    {
      "1": 7,
      "2": 8,
      "3": 8
    }
  ],
  "2": [
    {
      "1": 0,
      "2": 0,
      "3": 0
    },
    {
      "1": 1,
      "2": 2,
      "3": 3
    },
    {
      "1": 2,
      "2": 3,
      "3": 4
    },
    {
      "1": 4,
      "2": 5,
      "3": 5
    },
    {
      "1": 5,
      "2": 6,
      "3": 7
    },
    {
      "1": 7,
      "2": 8,
      "3": 8
    },
    {
      "1": 8,
      "2": 9,
      "3": 8
    }
  ]
}


