{
  "1": [
    {
      "1": 0,
      "2": 0,
      "3": 0,
      "4": 0
    },
    {
      "1": 1,
      "2": 2,
      "3": 3,
      "4": 4
    },
    {
      "1": 2,
      "2": 3,
      "3": 4,
      "4": 5
    },
    {
      "1": 2,
      "2": 4,
      "3": 5,
      "4": 6
    },
    {
      "1": 3,
      "2": 5,
      "3": 6,
      "4": 7
    },
    {
      "1": 4,
      "2": 6,
      "3": 7,
      "4": 8
    }
  ],
  "2": [
    {
      "1": 0,
      "2": 0,
      "3": 0,
      "4": 0
    },
    {
      "1": 1,
      "2": 2,
      "3": 3,
      "4": 4
    },
    {
      "1": 3,
      "2": 4,
      "3": 5,
      "4": 6
    },
    {
      "1": 4,
      "2": 5,
      "3": 6,
      "4": 7
    },
    {
      "1": 5,
      "2": 6,
      "3": 7,
      "4": 8
    },
    {
      "1": 6,
      "2": 7,
      "3": 8,
      "4": 9
    }
  ],
  "3": [
    {
      "1": 0,
      "2": 0,
      "3": 0,
      "4": 0
    },
    {
      "1": 3,
      "2": 3,
      "3": 5,
      "4": 6
    },
    {
      "1": 4,
      "2": 5,
      "3": 6,
      "4": 7
    },
    {
      "1": 5,
      "2": 6,
      "3": 7,
      "4": 8
    },
    {
      "1": 6,
      "2": 7,
      "3": 8,
      "4": 9
    },
    {
      "1": 7,
      "2": 8,
      "3": 9,
      "4": 9
    }
  ]
}


