[
    {
        "1": 0,
        "2": 0,
        "3": 0,
        "4": 0,
        "5": 0,
        "6": 0,
        "7": 0
    },
    {
        "1": 1,
        "2": 2,
        "3": 3,
        "4": 3,
        "5": 4,
        "6": 5,
        "7": 5
    },
    {
        "1": 2,
        "2": 2,
        "3": 3,
        "4": 4,
        "5": 4,
        "6": 5,
        "7": 5
    },
    {
        "1": 3,
        "2": 3,
        "3": 3,
        "4": 4,
        "5": 4,
        "6": 5,
        "7": 6
    },
    {
        "1": 3,
        "2": 3,
        "3": 3,
        "4": 4,
        "5": 5,
        "6": 6,
        "7": 6
    },
    {
        "1": 4,
        "2": 4,
        "3": 4,
        "4": 5,
        "5": 6,
        "6": 7,
        "7": 7
    },
    {
        "1": 4,
        "2": 4,
        "3": 5,
        "4": 6,
        "5": 6,
        "6": 7,
        "7": 7
    },
    {
        "1": 5,
        "2": 5,
        "3": 6,
        "4": 6,
        "5": 7,
        "6": 7,
        "7": 7
    },
    {
        "1": 5,
        "2": 5,
        "3": 6,
        "4": 7,
        "5": 7,
        "6": 7,
        "7": 7
    }
]
