{
  "1": [
    {
      "1": 1,
      "2": 3
    },
    {
      "1": 2,
      "2": 3
    },
    {
      "1": 3,
      "2": 3
    },
    {
      "1": 5,
      "2": 5
    },
    {
      "1": 7,
      "2": 7
    },
    {
      "1": 8,
      "2": 8
    }
  ],
  "2": [
    {
      "1": 2,
      "2": 3
    },
    {
      "1": 2,
      "2": 3
    },
    {
      "1": 3,
      "2": 4
    },
    {
      "1": 5,
      "2": 6
    },
    {
      "1": 7,
      "2": 7
    },
    {
      "1": 8,
      "2": 8
    }
  ],
  "3": [
    {
    "1": 3,
    "2": 4
    },
    {
    "1": 4,
    "2": 5
    },
    {
    "1": 4,
    "2": 5
    },
    {
    "1": 6,
    "2": 7
    },
    {
    "1": 7,
    "2": 8
    },
    {
    "1": 8,
    "2": 8
    }
  ],
  "4": [
    {
    "1": 5,
    "2": 5
    },
    {
    "1": 5,
    "2": 5
    },
    {
    "1": 5,
    "2": 6
    },
    {
    "1": 7,
    "2": 7
    },
    {
    "1": 8,
    "2": 8
    },
    {
    "1": 8,
    "2": 9
    }
  ],
  "5": [
    {
    "1": 6,
    "2": 6
    },
    {
    "1": 6,
    "2": 7
    },
    {
    "1": 6,
    "2": 7
    },
    {
    "1": 7,
    "2": 7
    },
    {
    "1": 8,
    "2": 8
    },
    {
    "1": 9,
    "2": 9
    }
  ],
  "6": [
    {
    "1": 7,
    "2": 7
    },
    {
    "1": 7,
    "2": 7
    },
    {
    "1": 7,
    "2": 7
    },
    {
    "1": 8,
    "2": 8
    },
    {
    "1": 8,
    "2": 8
    },
    {
    "1": 9,
    "2": 9
    }
  ],
}


